uf,estado,ano,area_km2,fonte
AC,Acre,1988,620.0,INPE/PRODES — TerraBrasilis
AC,Acre,1989,540.0,INPE/PRODES — TerraBrasilis
AC,Acre,1990,550.0,INPE/PRODES — TerraBrasilis
AC,Acre,1991,380.0,INPE/PRODES — TerraBrasilis
AC,Acre,1992,400.0,INPE/PRODES — TerraBrasilis
AC,Acre,1993,482.0,INPE/PRODES — TerraBrasilis
AC,Acre,1994,482.0,INPE/PRODES — TerraBrasilis
AC,Acre,1995,1208.0,INPE/PRODES — TerraBrasilis
AC,Acre,1996,433.0,INPE/PRODES — TerraBrasilis
AC,Acre,1997,358.0,INPE/PRODES — TerraBrasilis
AC,Acre,1998,536.0,INPE/PRODES — TerraBrasilis
AC,Acre,1999,441.0,INPE/PRODES — TerraBrasilis
AC,Acre,2000,547.0,INPE/PRODES — TerraBrasilis
AC,Acre,2001,419.0,INPE/PRODES — TerraBrasilis
AC,Acre,2002,883.0,INPE/PRODES — TerraBrasilis
AC,Acre,2003,1078.0,INPE/PRODES — TerraBrasilis
AC,Acre,2004,728.0,INPE/PRODES — TerraBrasilis
AC,Acre,2005,592.0,INPE/PRODES — TerraBrasilis
AC,Acre,2006,398.0,INPE/PRODES — TerraBrasilis
AC,Acre,2007,184.0,INPE/PRODES — TerraBrasilis
AC,Acre,2008,254.0,INPE/PRODES — TerraBrasilis
AC,Acre,2009,167.0,INPE/PRODES — TerraBrasilis
AC,Acre,2010,259.0,INPE/PRODES — TerraBrasilis
AC,Acre,2011,280.0,INPE/PRODES — TerraBrasilis
AC,Acre,2012,305.0,INPE/PRODES — TerraBrasilis
AC,Acre,2013,221.0,INPE/PRODES — TerraBrasilis
AC,Acre,2014,309.0,INPE/PRODES — TerraBrasilis
AC,Acre,2015,264.0,INPE/PRODES — TerraBrasilis
AC,Acre,2016,372.0,INPE/PRODES — TerraBrasilis
AC,Acre,2017,257.0,INPE/PRODES — TerraBrasilis
AC,Acre,2018,444.0,INPE/PRODES — TerraBrasilis
AC,Acre,2019,682.0,INPE/PRODES — TerraBrasilis
AC,Acre,2020,706.0,INPE/PRODES — TerraBrasilis
AC,Acre,2021,889.0,INPE/PRODES — TerraBrasilis
AC,Acre,2022,840.0,INPE/PRODES — TerraBrasilis
AC,Acre,2023,601.0,INPE/PRODES — TerraBrasilis
AC,Acre,2024,449.0,INPE/PRODES — TerraBrasilis
AC,Acre,2025,324.0,INPE/PRODES — TerraBrasilis
AP,Amapá,1988,60.0,INPE/PRODES — TerraBrasilis
AP,Amapá,1989,130.0,INPE/PRODES — TerraBrasilis
AP,Amapá,1990,250.0,INPE/PRODES — TerraBrasilis
AP,Amapá,1991,410.0,INPE/PRODES — TerraBrasilis
AP,Amapá,1992,36.0,INPE/PRODES — TerraBrasilis
AP,Amapá,1993,0.0,INPE/PRODES — TerraBrasilis
AP,Amapá,1994,0.0,INPE/PRODES — TerraBrasilis
AP,Amapá,1995,9.0,INPE/PRODES — TerraBrasilis
AP,Amapá,1996,0.0,INPE/PRODES — TerraBrasilis
AP,Amapá,1997,18.0,INPE/PRODES — TerraBrasilis
AP,Amapá,1998,30.0,INPE/PRODES — TerraBrasilis
AP,Amapá,1999,0.0,INPE/PRODES — TerraBrasilis
AP,Amapá,2000,0.0,INPE/PRODES — TerraBrasilis
AP,Amapá,2001,7.0,INPE/PRODES — TerraBrasilis
AP,Amapá,2002,0.0,INPE/PRODES — TerraBrasilis
AP,Amapá,2003,25.0,INPE/PRODES — TerraBrasilis
AP,Amapá,2004,46.0,INPE/PRODES — TerraBrasilis
AP,Amapá,2005,33.0,INPE/PRODES — TerraBrasilis
AP,Amapá,2006,30.0,INPE/PRODES — TerraBrasilis
AP,Amapá,2007,39.0,INPE/PRODES — TerraBrasilis
AP,Amapá,2008,100.0,INPE/PRODES — TerraBrasilis
AP,Amapá,2009,70.0,INPE/PRODES — TerraBrasilis
AP,Amapá,2010,53.0,INPE/PRODES — TerraBrasilis
AP,Amapá,2011,66.0,INPE/PRODES — TerraBrasilis
AP,Amapá,2012,27.0,INPE/PRODES — TerraBrasilis
AP,Amapá,2013,23.0,INPE/PRODES — TerraBrasilis
AP,Amapá,2014,31.0,INPE/PRODES — TerraBrasilis
AP,Amapá,2015,25.0,INPE/PRODES — TerraBrasilis
AP,Amapá,2016,17.0,INPE/PRODES — TerraBrasilis
AP,Amapá,2017,24.0,INPE/PRODES — TerraBrasilis
AP,Amapá,2018,24.0,INPE/PRODES — TerraBrasilis
AP,Amapá,2019,32.0,INPE/PRODES — TerraBrasilis
AP,Amapá,2020,24.0,INPE/PRODES — TerraBrasilis
AP,Amapá,2021,17.0,INPE/PRODES — TerraBrasilis
AP,Amapá,2022,14.0,INPE/PRODES — TerraBrasilis
AP,Amapá,2023,17.0,INPE/PRODES — TerraBrasilis
AP,Amapá,2024,27.0,INPE/PRODES — TerraBrasilis
AP,Amapá,2025,17.0,INPE/PRODES — TerraBrasilis
AM,Amazonas,1988,1510.0,INPE/PRODES — TerraBrasilis
AM,Amazonas,1989,1180.0,INPE/PRODES — TerraBrasilis
AM,Amazonas,1990,520.0,INPE/PRODES — TerraBrasilis
AM,Amazonas,1991,980.0,INPE/PRODES — TerraBrasilis
AM,Amazonas,1992,799.0,INPE/PRODES — TerraBrasilis
AM,Amazonas,1993,370.0,INPE/PRODES — TerraBrasilis
AM,Amazonas,1994,370.0,INPE/PRODES — TerraBrasilis
AM,Amazonas,1995,2114.0,INPE/PRODES — TerraBrasilis
AM,Amazonas,1996,1023.0,INPE/PRODES — TerraBrasilis
AM,Amazonas,1997,589.0,INPE/PRODES — TerraBrasilis
AM,Amazonas,1998,670.0,INPE/PRODES — TerraBrasilis
AM,Amazonas,1999,720.0,INPE/PRODES — TerraBrasilis
AM,Amazonas,2000,612.0,INPE/PRODES — TerraBrasilis
AM,Amazonas,2001,634.0,INPE/PRODES — TerraBrasilis
AM,Amazonas,2002,885.0,INPE/PRODES — TerraBrasilis
AM,Amazonas,2003,1558.0,INPE/PRODES — TerraBrasilis
AM,Amazonas,2004,1232.0,INPE/PRODES — TerraBrasilis
AM,Amazonas,2005,775.0,INPE/PRODES — TerraBrasilis
AM,Amazonas,2006,788.0,INPE/PRODES — TerraBrasilis
AM,Amazonas,2007,610.0,INPE/PRODES — TerraBrasilis
AM,Amazonas,2008,604.0,INPE/PRODES — TerraBrasilis
AM,Amazonas,2009,405.0,INPE/PRODES — TerraBrasilis
AM,Amazonas,2010,595.0,INPE/PRODES — TerraBrasilis
AM,Amazonas,2011,502.0,INPE/PRODES — TerraBrasilis
AM,Amazonas,2012,523.0,INPE/PRODES — TerraBrasilis
AM,Amazonas,2013,583.0,INPE/PRODES — TerraBrasilis
AM,Amazonas,2014,500.0,INPE/PRODES — TerraBrasilis
AM,Amazonas,2015,712.0,INPE/PRODES — TerraBrasilis
AM,Amazonas,2016,1129.0,INPE/PRODES — TerraBrasilis
AM,Amazonas,2017,1001.0,INPE/PRODES — TerraBrasilis
AM,Amazonas,2018,1045.0,INPE/PRODES — TerraBrasilis
AM,Amazonas,2019,1434.0,INPE/PRODES — TerraBrasilis
AM,Amazonas,2020,1512.0,INPE/PRODES — TerraBrasilis
AM,Amazonas,2021,2306.0,INPE/PRODES — TerraBrasilis
AM,Amazonas,2022,2594.0,INPE/PRODES — TerraBrasilis
AM,Amazonas,2023,1610.0,INPE/PRODES — TerraBrasilis
AM,Amazonas,2024,1223.0,INPE/PRODES — TerraBrasilis
AM,Amazonas,2025,979.0,INPE/PRODES — TerraBrasilis
MA,Maranhão,1988,2450.0,INPE/PRODES — TerraBrasilis
MA,Maranhão,1989,1420.0,INPE/PRODES — TerraBrasilis
MA,Maranhão,1990,1100.0,INPE/PRODES — TerraBrasilis
MA,Maranhão,1991,670.0,INPE/PRODES — TerraBrasilis
MA,Maranhão,1992,1135.0,INPE/PRODES — TerraBrasilis
MA,Maranhão,1993,372.0,INPE/PRODES — TerraBrasilis
MA,Maranhão,1994,372.0,INPE/PRODES — TerraBrasilis
MA,Maranhão,1995,1745.0,INPE/PRODES — TerraBrasilis
MA,Maranhão,1996,1061.0,INPE/PRODES — TerraBrasilis
MA,Maranhão,1997,409.0,INPE/PRODES — TerraBrasilis
MA,Maranhão,1998,1012.0,INPE/PRODES — TerraBrasilis
MA,Maranhão,1999,1230.0,INPE/PRODES — TerraBrasilis
MA,Maranhão,2000,1065.0,INPE/PRODES — TerraBrasilis
MA,Maranhão,2001,958.0,INPE/PRODES — TerraBrasilis
MA,Maranhão,2002,1085.0,INPE/PRODES — TerraBrasilis
MA,Maranhão,2003,993.0,INPE/PRODES — TerraBrasilis
MA,Maranhão,2004,755.0,INPE/PRODES — TerraBrasilis
MA,Maranhão,2005,922.0,INPE/PRODES — TerraBrasilis
MA,Maranhão,2006,674.0,INPE/PRODES — TerraBrasilis
MA,Maranhão,2007,631.0,INPE/PRODES — TerraBrasilis
MA,Maranhão,2008,1271.0,INPE/PRODES — TerraBrasilis
MA,Maranhão,2009,828.0,INPE/PRODES — TerraBrasilis
MA,Maranhão,2010,712.0,INPE/PRODES — TerraBrasilis
MA,Maranhão,2011,396.0,INPE/PRODES — TerraBrasilis
MA,Maranhão,2012,269.0,INPE/PRODES — TerraBrasilis
MA,Maranhão,2013,403.0,INPE/PRODES — TerraBrasilis
MA,Maranhão,2014,257.0,INPE/PRODES — TerraBrasilis
MA,Maranhão,2015,209.0,INPE/PRODES — TerraBrasilis
MA,Maranhão,2016,258.0,INPE/PRODES — TerraBrasilis
MA,Maranhão,2017,265.0,INPE/PRODES — TerraBrasilis
MA,Maranhão,2018,253.0,INPE/PRODES — TerraBrasilis
MA,Maranhão,2019,237.0,INPE/PRODES — TerraBrasilis
MA,Maranhão,2020,336.0,INPE/PRODES — TerraBrasilis
MA,Maranhão,2021,350.0,INPE/PRODES — TerraBrasilis
MA,Maranhão,2022,271.0,INPE/PRODES — TerraBrasilis
MA,Maranhão,2023,306.0,INPE/PRODES — TerraBrasilis
MA,Maranhão,2024,307.0,INPE/PRODES — TerraBrasilis
MA,Maranhão,2025,210.0,INPE/PRODES — TerraBrasilis
MT,Mato Grosso,1988,5140.0,INPE/PRODES — TerraBrasilis
MT,Mato Grosso,1989,5960.0,INPE/PRODES — TerraBrasilis
MT,Mato Grosso,1990,4020.0,INPE/PRODES — TerraBrasilis
MT,Mato Grosso,1991,2840.0,INPE/PRODES — TerraBrasilis
MT,Mato Grosso,1992,4674.0,INPE/PRODES — TerraBrasilis
MT,Mato Grosso,1993,6220.0,INPE/PRODES — TerraBrasilis
MT,Mato Grosso,1994,6220.0,INPE/PRODES — TerraBrasilis
MT,Mato Grosso,1995,10391.0,INPE/PRODES — TerraBrasilis
MT,Mato Grosso,1996,6543.0,INPE/PRODES — TerraBrasilis
MT,Mato Grosso,1997,5271.0,INPE/PRODES — TerraBrasilis
MT,Mato Grosso,1998,6466.0,INPE/PRODES — TerraBrasilis
MT,Mato Grosso,1999,6963.0,INPE/PRODES — TerraBrasilis
MT,Mato Grosso,2000,6369.0,INPE/PRODES — TerraBrasilis
MT,Mato Grosso,2001,7703.0,INPE/PRODES — TerraBrasilis
MT,Mato Grosso,2002,7892.0,INPE/PRODES — TerraBrasilis
MT,Mato Grosso,2003,10405.0,INPE/PRODES — TerraBrasilis
MT,Mato Grosso,2004,11814.0,INPE/PRODES — TerraBrasilis
MT,Mato Grosso,2005,7145.0,INPE/PRODES — TerraBrasilis
MT,Mato Grosso,2006,4333.0,INPE/PRODES — TerraBrasilis
MT,Mato Grosso,2007,2678.0,INPE/PRODES — TerraBrasilis
MT,Mato Grosso,2008,3258.0,INPE/PRODES — TerraBrasilis
MT,Mato Grosso,2009,1049.0,INPE/PRODES — TerraBrasilis
MT,Mato Grosso,2010,871.0,INPE/PRODES — TerraBrasilis
MT,Mato Grosso,2011,1120.0,INPE/PRODES — TerraBrasilis
MT,Mato Grosso,2012,757.0,INPE/PRODES — TerraBrasilis
MT,Mato Grosso,2013,1139.0,INPE/PRODES — TerraBrasilis
MT,Mato Grosso,2014,1075.0,INPE/PRODES — TerraBrasilis
MT,Mato Grosso,2015,1601.0,INPE/PRODES — TerraBrasilis
MT,Mato Grosso,2016,1489.0,INPE/PRODES — TerraBrasilis
MT,Mato Grosso,2017,1561.0,INPE/PRODES — TerraBrasilis
MT,Mato Grosso,2018,1490.0,INPE/PRODES — TerraBrasilis
MT,Mato Grosso,2019,1702.0,INPE/PRODES — TerraBrasilis
MT,Mato Grosso,2020,1779.0,INPE/PRODES — TerraBrasilis
MT,Mato Grosso,2021,2213.0,INPE/PRODES — TerraBrasilis
MT,Mato Grosso,2022,1927.0,INPE/PRODES — TerraBrasilis
MT,Mato Grosso,2023,2048.0,INPE/PRODES — TerraBrasilis
MT,Mato Grosso,2024,1257.0,INPE/PRODES — TerraBrasilis
MT,Mato Grosso,2025,1593.0,INPE/PRODES — TerraBrasilis
PA,Pará,1988,6990.0,INPE/PRODES — TerraBrasilis
PA,Pará,1989,5750.0,INPE/PRODES — TerraBrasilis
PA,Pará,1990,4890.0,INPE/PRODES — TerraBrasilis
PA,Pará,1991,3780.0,INPE/PRODES — TerraBrasilis
PA,Pará,1992,3787.0,INPE/PRODES — TerraBrasilis
PA,Pará,1993,4284.0,INPE/PRODES — TerraBrasilis
PA,Pará,1994,4284.0,INPE/PRODES — TerraBrasilis
PA,Pará,1995,7845.0,INPE/PRODES — TerraBrasilis
PA,Pará,1996,6135.0,INPE/PRODES — TerraBrasilis
PA,Pará,1997,4139.0,INPE/PRODES — TerraBrasilis
PA,Pará,1998,5829.0,INPE/PRODES — TerraBrasilis
PA,Pará,1999,5111.0,INPE/PRODES — TerraBrasilis
PA,Pará,2000,6671.0,INPE/PRODES — TerraBrasilis
PA,Pará,2001,5237.0,INPE/PRODES — TerraBrasilis
PA,Pará,2002,7510.0,INPE/PRODES — TerraBrasilis
PA,Pará,2003,7145.0,INPE/PRODES — TerraBrasilis
PA,Pará,2004,8870.0,INPE/PRODES — TerraBrasilis
PA,Pará,2005,5899.0,INPE/PRODES — TerraBrasilis
PA,Pará,2006,5659.0,INPE/PRODES — TerraBrasilis
PA,Pará,2007,5526.0,INPE/PRODES — TerraBrasilis
PA,Pará,2008,5607.0,INPE/PRODES — TerraBrasilis
PA,Pará,2009,4281.0,INPE/PRODES — TerraBrasilis
PA,Pará,2010,3770.0,INPE/PRODES — TerraBrasilis
PA,Pará,2011,3008.0,INPE/PRODES — TerraBrasilis
PA,Pará,2012,1741.0,INPE/PRODES — TerraBrasilis
PA,Pará,2013,2346.0,INPE/PRODES — TerraBrasilis
PA,Pará,2014,1887.0,INPE/PRODES — TerraBrasilis
PA,Pará,2015,2153.0,INPE/PRODES — TerraBrasilis
PA,Pará,2016,2992.0,INPE/PRODES — TerraBrasilis
PA,Pará,2017,2433.0,INPE/PRODES — TerraBrasilis
PA,Pará,2018,2744.0,INPE/PRODES — TerraBrasilis
PA,Pará,2019,4172.0,INPE/PRODES — TerraBrasilis
PA,Pará,2020,4899.0,INPE/PRODES — TerraBrasilis
PA,Pará,2021,5238.0,INPE/PRODES — TerraBrasilis
PA,Pará,2022,4162.0,INPE/PRODES — TerraBrasilis
PA,Pará,2023,3299.0,INPE/PRODES — TerraBrasilis
PA,Pará,2024,2395.0,INPE/PRODES — TerraBrasilis
PA,Pará,2025,2064.0,INPE/PRODES — TerraBrasilis
RO,Rondônia,1988,2340.0,INPE/PRODES — TerraBrasilis
RO,Rondônia,1989,1430.0,INPE/PRODES — TerraBrasilis
RO,Rondônia,1990,1670.0,INPE/PRODES — TerraBrasilis
RO,Rondônia,1991,1110.0,INPE/PRODES — TerraBrasilis
RO,Rondônia,1992,2265.0,INPE/PRODES — TerraBrasilis
RO,Rondônia,1993,2595.0,INPE/PRODES — TerraBrasilis
RO,Rondônia,1994,2595.0,INPE/PRODES — TerraBrasilis
RO,Rondônia,1995,4730.0,INPE/PRODES — TerraBrasilis
RO,Rondônia,1996,2432.0,INPE/PRODES — TerraBrasilis
RO,Rondônia,1997,1986.0,INPE/PRODES — TerraBrasilis
RO,Rondônia,1998,2041.0,INPE/PRODES — TerraBrasilis
RO,Rondônia,1999,2358.0,INPE/PRODES — TerraBrasilis
RO,Rondônia,2000,2465.0,INPE/PRODES — TerraBrasilis
RO,Rondônia,2001,2673.0,INPE/PRODES — TerraBrasilis
RO,Rondônia,2002,3099.0,INPE/PRODES — TerraBrasilis
RO,Rondônia,2003,3597.0,INPE/PRODES — TerraBrasilis
RO,Rondônia,2004,3858.0,INPE/PRODES — TerraBrasilis
RO,Rondônia,2005,3244.0,INPE/PRODES — TerraBrasilis
RO,Rondônia,2006,2049.0,INPE/PRODES — TerraBrasilis
RO,Rondônia,2007,1611.0,INPE/PRODES — TerraBrasilis
RO,Rondônia,2008,1136.0,INPE/PRODES — TerraBrasilis
RO,Rondônia,2009,482.0,INPE/PRODES — TerraBrasilis
RO,Rondônia,2010,435.0,INPE/PRODES — TerraBrasilis
RO,Rondônia,2011,865.0,INPE/PRODES — TerraBrasilis
RO,Rondônia,2012,773.0,INPE/PRODES — TerraBrasilis
RO,Rondônia,2013,932.0,INPE/PRODES — TerraBrasilis
RO,Rondônia,2014,684.0,INPE/PRODES — TerraBrasilis
RO,Rondônia,2015,1030.0,INPE/PRODES — TerraBrasilis
RO,Rondônia,2016,1376.0,INPE/PRODES — TerraBrasilis
RO,Rondônia,2017,1243.0,INPE/PRODES — TerraBrasilis
RO,Rondônia,2018,1316.0,INPE/PRODES — TerraBrasilis
RO,Rondônia,2019,1257.0,INPE/PRODES — TerraBrasilis
RO,Rondônia,2020,1273.0,INPE/PRODES — TerraBrasilis
RO,Rondônia,2021,1673.0,INPE/PRODES — TerraBrasilis
RO,Rondônia,2022,1480.0,INPE/PRODES — TerraBrasilis
RO,Rondônia,2023,867.0,INPE/PRODES — TerraBrasilis
RO,Rondônia,2024,360.0,INPE/PRODES — TerraBrasilis
RO,Rondônia,2025,229.0,INPE/PRODES — TerraBrasilis
RR,Roraima,1988,290.0,INPE/PRODES — TerraBrasilis
RR,Roraima,1989,630.0,INPE/PRODES — TerraBrasilis
RR,Roraima,1990,150.0,INPE/PRODES — TerraBrasilis
RR,Roraima,1991,420.0,INPE/PRODES — TerraBrasilis
RR,Roraima,1992,281.0,INPE/PRODES — TerraBrasilis
RR,Roraima,1993,240.0,INPE/PRODES — TerraBrasilis
RR,Roraima,1994,240.0,INPE/PRODES — TerraBrasilis
RR,Roraima,1995,220.0,INPE/PRODES — TerraBrasilis
RR,Roraima,1996,214.0,INPE/PRODES — TerraBrasilis
RR,Roraima,1997,184.0,INPE/PRODES — TerraBrasilis
RR,Roraima,1998,223.0,INPE/PRODES — TerraBrasilis
RR,Roraima,1999,220.0,INPE/PRODES — TerraBrasilis
RR,Roraima,2000,253.0,INPE/PRODES — TerraBrasilis
RR,Roraima,2001,345.0,INPE/PRODES — TerraBrasilis
RR,Roraima,2002,84.0,INPE/PRODES — TerraBrasilis
RR,Roraima,2003,439.0,INPE/PRODES — TerraBrasilis
RR,Roraima,2004,311.0,INPE/PRODES — TerraBrasilis
RR,Roraima,2005,133.0,INPE/PRODES — TerraBrasilis
RR,Roraima,2006,231.0,INPE/PRODES — TerraBrasilis
RR,Roraima,2007,309.0,INPE/PRODES — TerraBrasilis
RR,Roraima,2008,574.0,INPE/PRODES — TerraBrasilis
RR,Roraima,2009,121.0,INPE/PRODES — TerraBrasilis
RR,Roraima,2010,256.0,INPE/PRODES — TerraBrasilis
RR,Roraima,2011,141.0,INPE/PRODES — TerraBrasilis
RR,Roraima,2012,124.0,INPE/PRODES — TerraBrasilis
RR,Roraima,2013,170.0,INPE/PRODES — TerraBrasilis
RR,Roraima,2014,219.0,INPE/PRODES — TerraBrasilis
RR,Roraima,2015,156.0,INPE/PRODES — TerraBrasilis
RR,Roraima,2016,202.0,INPE/PRODES — TerraBrasilis
RR,Roraima,2017,132.0,INPE/PRODES — TerraBrasilis
RR,Roraima,2018,195.0,INPE/PRODES — TerraBrasilis
RR,Roraima,2019,590.0,INPE/PRODES — TerraBrasilis
RR,Roraima,2020,297.0,INPE/PRODES — TerraBrasilis
RR,Roraima,2021,315.0,INPE/PRODES — TerraBrasilis
RR,Roraima,2022,279.0,INPE/PRODES — TerraBrasilis
RR,Roraima,2023,284.0,INPE/PRODES — TerraBrasilis
RR,Roraima,2024,468.0,INPE/PRODES — TerraBrasilis
RR,Roraima,2025,285.0,INPE/PRODES — TerraBrasilis
TO,Tocantins,1988,1650.0,INPE/PRODES — TerraBrasilis
TO,Tocantins,1989,730.0,INPE/PRODES — TerraBrasilis
TO,Tocantins,1990,580.0,INPE/PRODES — TerraBrasilis
TO,Tocantins,1991,440.0,INPE/PRODES — TerraBrasilis
TO,Tocantins,1992,409.0,INPE/PRODES — TerraBrasilis
TO,Tocantins,1993,333.0,INPE/PRODES — TerraBrasilis
TO,Tocantins,1994,333.0,INPE/PRODES — TerraBrasilis
TO,Tocantins,1995,797.0,INPE/PRODES — TerraBrasilis
TO,Tocantins,1996,320.0,INPE/PRODES — TerraBrasilis
TO,Tocantins,1997,273.0,INPE/PRODES — TerraBrasilis
TO,Tocantins,1998,576.0,INPE/PRODES — TerraBrasilis
TO,Tocantins,1999,216.0,INPE/PRODES — TerraBrasilis
TO,Tocantins,2000,244.0,INPE/PRODES — TerraBrasilis
TO,Tocantins,2001,189.0,INPE/PRODES — TerraBrasilis
TO,Tocantins,2002,212.0,INPE/PRODES — TerraBrasilis
TO,Tocantins,2003,156.0,INPE/PRODES — TerraBrasilis
TO,Tocantins,2004,158.0,INPE/PRODES — TerraBrasilis
TO,Tocantins,2005,271.0,INPE/PRODES — TerraBrasilis
TO,Tocantins,2006,124.0,INPE/PRODES — TerraBrasilis
TO,Tocantins,2007,63.0,INPE/PRODES — TerraBrasilis
TO,Tocantins,2008,107.0,INPE/PRODES — TerraBrasilis
TO,Tocantins,2009,61.0,INPE/PRODES — TerraBrasilis
TO,Tocantins,2010,49.0,INPE/PRODES — TerraBrasilis
TO,Tocantins,2011,40.0,INPE/PRODES — TerraBrasilis
TO,Tocantins,2012,52.0,INPE/PRODES — TerraBrasilis
TO,Tocantins,2013,74.0,INPE/PRODES — TerraBrasilis
TO,Tocantins,2014,50.0,INPE/PRODES — TerraBrasilis
TO,Tocantins,2015,57.0,INPE/PRODES — TerraBrasilis
TO,Tocantins,2016,58.0,INPE/PRODES — TerraBrasilis
TO,Tocantins,2017,31.0,INPE/PRODES — TerraBrasilis
TO,Tocantins,2018,25.0,INPE/PRODES — TerraBrasilis
TO,Tocantins,2019,23.0,INPE/PRODES — TerraBrasilis
TO,Tocantins,2020,25.0,INPE/PRODES — TerraBrasilis
TO,Tocantins,2021,37.0,INPE/PRODES — TerraBrasilis
TO,Tocantins,2022,27.0,INPE/PRODES — TerraBrasilis
TO,Tocantins,2023,32.0,INPE/PRODES — TerraBrasilis
TO,Tocantins,2024,32.0,INPE/PRODES — TerraBrasilis
TO,Tocantins,2025,30.0,INPE/PRODES — TerraBrasilis
