secao,titulo,publicado_em,palavras,url,fonte
Meio ambiente,"Quarta-feira é de chuvas no Sudeste, Centro-Oeste e sul do Nordeste",02/09/2026 08:16,431,https://agenciabrasil.ebc.com.br/meio-ambiente/noticia/2026-09/quarta-feira-e-de-chuvas-no-sudeste-centro-oeste-e-sul-do-nordeste,Agência Brasil (EBC) — CC BY 3.0 BR
Meio ambiente,"Rio terá dia de chuva, com temperatura em declínio e mar de ressaca",02/09/2026 07:02,242,https://agenciabrasil.ebc.com.br/meio-ambiente/noticia/2026-09/rio-tera-dia-de-chuva-com-temperatura-em-declinio-e-mar-de-ressaca,Agência Brasil (EBC) — CC BY 3.0 BR
Meio ambiente,Meteorologia prevê ciclone  extratropical com chuvas em setembro,01/09/2026 07:48,902,https://agenciabrasil.ebc.com.br/meio-ambiente/noticia/2026-09/meteorologia-preve-ciclone-extratropical-com-chuvas-em-setembro,Agência Brasil (EBC) — CC BY 3.0 BR
Meio ambiente,Agosto termina com temporais no Sul e calor de até 41ºC no Norte,31/08/2026 10:08,768,https://agenciabrasil.ebc.com.br/meio-ambiente/noticia/2026-08/agosto-termina-com-temporais-no-sul-e-calor-de-ate-41-no-norte,Agência Brasil (EBC) — CC BY 3.0 BR
Meio ambiente,"Depois da COP17, Brasil é cobrado a efetivar metas de restauração",30/08/2026 17:19,738,https://agenciabrasil.ebc.com.br/meio-ambiente/noticia/2026-08/depois-da-cop17-brasil-e-cobrado-efetivar-metas-de-restauracao,Agência Brasil (EBC) — CC BY 3.0 BR
Direitos humanos,"Cai número de assassinatos no campo, mas aumenta o de conflitos",02/09/2026 09:01,1137,https://agenciabrasil.ebc.com.br/direitos-humanos/noticia/2026-09/cai-numero-de-assassinatos-no-campo-mas-aumenta-o-de-conflitos,Agência Brasil (EBC) — CC BY 3.0 BR
Direitos humanos,União terá que indenizar família de perseguido pela ditadura no Amapá,01/09/2026 17:04,602,https://agenciabrasil.ebc.com.br/direitos-humanos/noticia/2026-09/uniao-tera-que-indenizar-familia-de-perseguido-pela-ditadura-no-amapa,Agência Brasil (EBC) — CC BY 3.0 BR
Direitos humanos,"Violência contra a mulher: 7,5 mil agentes serão capacitados",31/08/2026 20:33,468,https://agenciabrasil.ebc.com.br/direitos-humanos/noticia/2026-08/violencia-contra-mulher-75-mil-agentes-serao-capacitados,Agência Brasil (EBC) — CC BY 3.0 BR
Direitos humanos,Caminhos da Reportagem aborda construção da identidade parda,31/08/2026 08:02,1250,https://agenciabrasil.ebc.com.br/direitos-humanos/noticia/2026-08/caminhos-da-reportagem-aborda-construcao-da-identidade-parda,Agência Brasil (EBC) — CC BY 3.0 BR
Direitos humanos,Dia do voluntariado: iniciativas levam saúde mental a vulneráveis,28/08/2026 07:58,1025,https://agenciabrasil.ebc.com.br/direitos-humanos/noticia/2026-08/dia-do-voluntariado-iniciativas-levam-saude-mental-vulneraveis,Agência Brasil (EBC) — CC BY 3.0 BR
Economia,"Produção industrial interrompe 2 meses de queda e sobe 0,2% em julho",02/09/2026 10:19,312,https://agenciabrasil.ebc.com.br/economia/noticia/2026-09/producao-industrial-interrompe-2-meses-de-queda-e-sobe-02-em-julho,Agência Brasil (EBC) — CC BY 3.0 BR
Economia,"Bolsa sobe 1,3% e atinge maior nível em quase quatro meses",01/09/2026 20:05,652,https://agenciabrasil.ebc.com.br/economia/noticia/2026-09/bolsa-sobe-13-e-atinge-maior-nivel-em-quase-quatro-meses,Agência Brasil (EBC) — CC BY 3.0 BR
Economia,"Orçamento de 2027 prevê R$ 133,8 bilhões em investimentos",01/09/2026 17:53,474,https://agenciabrasil.ebc.com.br/economia/noticia/2026-09/orcamento-de-2027-preve-r-1338-bilhoes-em-investimentos,Agência Brasil (EBC) — CC BY 3.0 BR
Economia,"Petrobras reajusta preço médio do querosene de aviação em 13,9%",01/09/2026 16:06,533,https://agenciabrasil.ebc.com.br/economia/noticia/2026-09/petrobras-reajusta-preco-medio-do-querosene-de-aviacao-em-139,Agência Brasil (EBC) — CC BY 3.0 BR
Economia,Nova regra do Pix amplia prazo para contestar golpe,01/09/2026 15:08,648,https://agenciabrasil.ebc.com.br/economia/noticia/2026-09/nova-regra-do-pix-amplia-prazo-para-contestar-golpe,Agência Brasil (EBC) — CC BY 3.0 BR
